ID,Start seconds,End seconds,Subject,Graphic brief
"PP-01","0","5","A gift with a reason","Birthday reminder transforms into a bouquet reveal. Use a short petal trail; keep the photo and note uncovered."
"PP-02","5","9","Start with a preset","Short leader and tap pulse on the selected Sweetheart preset, then clear the graphic."
"PP-03","9","16","Flowers and quantity","Track the actual selected flower and plus button. Roll the quantity only on observed taps; no decorative catalog covering the real catalog."
"PP-04","16","21","Greenery and depth","A drawn depth bracket connects lower front and higher back after the layout changes."
"PP-05","21","27","Wrap, ribbon, color","Three distinct paper, ribbon and color accents, placed outside active tap targets."
"PP-06","27","33","Adjust all flowers","One measurement graphic at a time: height arrow, size ring, spread bracket. Keep the slider and bouquet visible together."
"PP-07","33","41","Adjust one flower","Call out the real selected rose, then map height, size, horizontal position and depth to separate directional graphics."
"PP-08","41","45","Explore arrangements","A reversible curved arrow lands with Undo and reverses with Redo; no repeating instructions already visible on the button."
"PP-09","45","51","Place a companion","An outlined placement ring and rotation arc follows the teddy. Clear them once the object settles."
"PP-10","51","60","Write and seal a letter","An ink flourish at the letter entrance, a brief handwriting cue at editing, and a wax-seal accent after Save & seal. Never cover the native reveal."
"PP-11","60","69","Frame a memory","A corner crop guide and portrait-to-landscape diagram, each synchronized to the real action and clear of the photo."
"PP-12","69","72","A small celebration","Keep this to three seconds. Let the native burst carry the scene, with a single short editorial spark accent."
"PP-13","72","79","Personalize and share","A small name-to-gift connection, then a checkmark after the copied state. Show the actual exported card as a separate item."
"PP-14","79","84","The gift opens","Tap ripple, then withdraw. Leave the recipient view and complete native letter animation unobstructed."
"PP-15","84","90","When to use it","Three occasion labels follow the matching bouquets, then a clear end card with a restrained animated flower mark."
